汉字,阶段,单元,课题,例词,读音提示
我,1,C001,我爱我的家,我爱你,
爸,1,C001,我爱我的家,爸爸,
妈,1,C001,我爱我的家,妈妈,
家,1,C001,我爱我的家,回家,
门,1,C001,我爱我的家,开门,
人,1,C002,欢迎你来玩,家人,
你,1,C002,欢迎你来玩,你好,
好,1,C002,欢迎你来玩,好朋友,
来,1,C002,欢迎你来玩,来玩,
小,1,C002,欢迎你来玩,小手,
猫,1,C003,照顾小动物,小猫,
狗,1,C003,照顾小动物,小狗,
水,1,C003,照顾小动物,喝水,
喝,1,C003,照顾小动物,喝一口,喝水：hē
吃,1,C003,照顾小动物,吃饭,
鱼,1,C004,一起看一看,小鱼,
鸟,1,C004,一起看一看,小鸟,
看,1,C004,一起看一看,看一看,
有,1,C004,一起看一看,有鱼,
在,1,C004,一起看一看,在家,
的,1,C005,白天和夜晚,我的,我的：de
日,1,C005,白天和夜晚,日光,
月,1,C005,白天和夜晚,月亮,
山,1,C005,白天和夜晚,小山,
木,1,C005,白天和夜晚,木头,
花,1,C006,公园里找一找,小花,
草,1,C006,公园里找一找,小草,
上,1,C006,公园里找一找,上面,
下,1,C006,公园里找一找,下面,
大,1,C006,公园里找一找,大树,
一,1,C007,数一数手指,一个,
二,1,C007,数一数手指,二月,
三,1,C007,数一数手指,三个,
四,1,C007,数一数手指,四个,
五,1,C007,数一数手指,五个,
六,1,C008,再数五个数,六个,
七,1,C008,再数五个数,七个,
八,1,C008,再数五个数,八个,
九,1,C008,再数五个数,九个,
十,1,C008,再数五个数,十个,
头,1,C009,身体会说话,点头,
口,1,C009,身体会说话,一口,
耳,1,C009,身体会说话,耳朵,
目,1,C009,身体会说话,目光,
手,1,C009,身体会说话,小手,
眼,1,C010,我的小脸,眼睛,
鼻,1,C010,我的小脸,鼻子,
牙,1,C010,我的小脸,刷牙,
舌,1,C010,我的小脸,舌头,
脸,1,C010,我的小脸,洗脸,
脚,1,C011,身体动起来,小脚,
足,1,C011,身体动起来,足球,
身,1,C011,身体动起来,身体,
心,1,C011,身体动起来,爱心,
力,1,C011,身体动起来,力气,
天,1,C012,太阳出来了,天空,
太,1,C012,太阳出来了,太阳,
阳,1,C012,太阳出来了,阳光,
云,1,C012,太阳出来了,白云,
雨,1,C012,太阳出来了,下雨,
风,1,C013,风吹树叶,大风,
树,1,C013,风吹树叶,大树,
叶,1,C013,风吹树叶,树叶,
土,1,C013,风吹树叶,泥土,
石,1,C013,风吹树叶,石头,
红,1,C014,颜色朋友,红色,
黄,1,C014,颜色朋友,黄色,
蓝,1,C014,颜色朋友,蓝色,
绿,1,C014,颜色朋友,绿色,
白,1,C014,颜色朋友,白色,
衣,1,C015,穿好衣服,衣服,
裤,1,C015,穿好衣服,裤子,
鞋,1,C015,穿好衣服,鞋子,
袜,1,C015,穿好衣服,袜子,
帽,1,C015,穿好衣服,帽子,
米,1,C016,吃饭啦,大米,
饭,1,C016,吃饭啦,米饭,
面,1,C016,吃饭啦,面条,
菜,1,C016,吃饭啦,青菜,
果,1,C016,吃饭啦,水果,
走,1,C017,坐好再出发,走路,
跑,1,C017,坐好再出发,跑步,
坐,1,C017,坐好再出发,坐下,
去,1,C017,坐好再出发,去公园,
起,1,C017,坐好再出发,起来,
是,1,C018,我们一起做,我是,
了,1,C018,我们一起做,好了,好了：le
不,1,C018,我们一起做,不要,
也,1,C018,我们一起做,也是,
和,1,C018,我们一起做,我和你,
他,1,C019,我的朋友们,他来,
她,1,C019,我的朋友们,她来,
它,1,C019,我的朋友们,它来,
们,1,C019,我的朋友们,我们,
个,1,C019,我的朋友们,一个,
这,1,C020,问一问再动手,这里,
那,1,C020,问一问再动手,那里,
哪,1,C020,问一问再动手,哪里,
谁,1,C020,问一问再动手,谁来,
什,1,C020,问一问再动手,什么,什么：shén
园,2,C021,幼儿园的一天,公园,
老,2,C021,幼儿园的一天,老师,
师,2,C021,幼儿园的一天,教师,
同,2,C021,幼儿园的一天,同学,
学,2,C021,幼儿园的一天,学习,
校,2,C022,走进教室,学校,学校：xiào
班,2,C022,走进教室,班级,
课,2,C022,走进教室,上课,
室,2,C022,走进教室,教室,
桌,2,C022,走进教室,桌子,
椅,2,C023,收好我的用品,椅子,
书,2,C023,收好我的用品,书本,
包,2,C023,收好我的用品,书包,
笔,2,C023,收好我的用品,铅笔,
本,2,C023,收好我的用品,本子,
读,2,C024,读读画画,读书,
写,2,C024,读读画画,写字,
画,2,C024,读读画画,画画,
听,2,C024,读读画画,听话,
说,2,C024,读读画画,说话,
叫,2,C025,开口表达,叫我,
问,2,C025,开口表达,问好,
答,2,C025,开口表达,回答,
讲,2,C025,开口表达,讲故事,
话,2,C025,开口表达,说话,
玩,2,C026,游戏时间,玩耍,
球,2,C026,游戏时间,皮球,
拍,2,C026,游戏时间,拍手,
跳,2,C026,游戏时间,跳一跳,
踢,2,C026,游戏时间,踢球,
友,2,C027,轮流玩玩具,朋友,
朋,2,C027,轮流玩玩具,亲朋,
给,2,C027,轮流玩玩具,给你,
让,2,C027,轮流玩玩具,让一让,
等,2,C027,轮流玩玩具,等等,
请,2,C028,礼貌小客人,请坐,
谢,2,C028,礼貌小客人,谢谢,
对,2,C028,礼貌小客人,对不起,
您,2,C028,礼貌小客人,您好,
么,2,C028,礼貌小客人,什么,什么：me
早,2,C029,早起和休息,早上,
晚,2,C029,早起和休息,晚上,
午,2,C029,早起和休息,中午,
睡,2,C029,早起和休息,睡觉,
醒,2,C029,早起和休息,醒来,
洗,2,C030,洗手前看看少了什么,洗手,
刷,2,C030,洗手前看看少了什么,刷牙,
毛,2,C030,洗手前看看少了什么,毛巾,
巾,2,C030,洗手前看看少了什么,纸巾,
没,2,C030,洗手前看看少了什么,没有,
干,2,C031,干净的衣服,干衣服,干衣服／干净：gān
净,2,C031,干净的衣服,干净,
脏,2,C031,干净的衣服,脏了,脏了：zāng
湿,2,C031,干净的衣服,湿了,
换,2,C031,干净的衣服,换衣服,
澡,2,C032,洗澡和梳头,洗澡,
浴,2,C032,洗澡和梳头,浴室,
梳,2,C032,洗澡和梳头,梳头,
镜,2,C032,洗澡和梳头,镜子,
盆,2,C032,洗澡和梳头,脸盆,
男,2,C033,认识厕所标识,男孩,
女,2,C033,认识厕所标识,女孩,
便,2,C033,认识厕所标识,方便,方便：biàn
厕,2,C033,认识厕所标识,厕所,
纸,2,C033,认识厕所标识,纸巾,
碗,2,C034,午餐准备好,饭碗,
筷,2,C034,午餐准备好,筷子,
勺,2,C034,午餐准备好,勺子,
盘,2,C034,午餐准备好,盘子,
杯,2,C034,午餐准备好,水杯,
床,2,C035,我的小床,小床,
被,2,C035,我的小床,被子,
枕,2,C035,我的小床,枕头,
灯,2,C035,我的小床,台灯,
窗,2,C035,我的小床,窗户,
放,2,C036,我会整理,放好,
收,2,C036,我会整理,收好,
拿,2,C036,我会整理,拿来,
带,2,C036,我会整理,带上,
找,2,C036,我会整理,找到,
前,2,C037,排队不着急,前面,
后,2,C037,排队不着急,后面,
左,2,C037,排队不着急,左边,
右,2,C037,排队不着急,右边,
中,2,C037,排队不着急,中间,
先,2,C038,游戏的顺序,先来,
再,2,C038,游戏的顺序,再见,
次,2,C038,游戏的顺序,一次,
队,2,C038,游戏的顺序,队伍,
排,2,C038,游戏的顺序,排队,
安,2,C039,保护自己,安全,
危,2,C039,保护自己,危险,
险,2,C039,保护自己,冒险,
痛,2,C039,保护自己,疼痛,
病,2,C039,保护自己,生病,
帮,2,C040,爱和帮助说出来,帮忙,
忙,2,C040,爱和帮助说出来,连忙,
告,2,C040,爱和帮助说出来,告诉,
爱,2,C040,爱和帮助说出来,爱心,
急,2,C040,爱和帮助说出来,着急,
牛,3,C041,认识农场动物,小牛,
羊,3,C041,认识农场动物,小羊,
马,3,C041,认识农场动物,小马,
猪,3,C041,认识农场动物,小猪,
鸡,3,C041,认识农场动物,小鸡,
鸭,3,C042,池塘边的朋友,鸭子,
鹅,3,C042,池塘边的朋友,白鹅,
兔,3,C042,池塘边的朋友,兔子,
蛙,3,C042,池塘边的朋友,青蛙,
虫,3,C042,池塘边的朋友,小虫,
蚂,3,C043,花丛里的昆虫,蚂蚁,
蚁,3,C043,花丛里的昆虫,蚂蚁,
蜂,3,C043,花丛里的昆虫,蜜蜂,
蝴,3,C043,花丛里的昆虫,蝴蝶,
蝶,3,C043,花丛里的昆虫,蝴蝶,
蜻,3,C044,听虫子唱歌,蜻蜓,
蜓,3,C044,听虫子唱歌,蜻蜓,
蝉,3,C044,听虫子唱歌,蝉鸣,
蚊,3,C044,听虫子唱歌,蚊子,
蝇,3,C044,听虫子唱歌,苍蝇,
虎,3,C045,森林里的大动物,老虎,
狮,3,C045,森林里的大动物,狮子,
象,3,C045,森林里的大动物,大象,
熊,3,C045,森林里的大动物,小熊,
鹿,3,C045,森林里的大动物,小鹿,
猴,3,C046,树林里的伙伴,猴子,
狐,3,C046,树林里的伙伴,狐狸,
狼,3,C046,树林里的伙伴,灰狼,
鼠,3,C046,树林里的伙伴,老鼠,
松,3,C046,树林里的伙伴,松鼠,
虾,3,C047,水里的动物,小虾,
蟹,3,C047,水里的动物,螃蟹,
龟,3,C047,水里的动物,乌龟,
蛇,3,C047,水里的动物,水蛇,
鳄,3,C047,水里的动物,鳄鱼,
鲸,3,C048,谁在海里游,鲸鱼,
海,3,C048,谁在海里游,大海,
豚,3,C048,谁在海里游,海豚,
鲨,3,C048,谁在海里游,鲨鱼,
贝,3,C048,谁在海里游,贝壳,
尾,3,C049,看动物的身体,尾巴,
翅,3,C049,看动物的身体,翅膀,
羽,3,C049,看动物的身体,羽毛,
爪,3,C049,看动物的身体,爪子,爪子：zhuǎ
角,3,C049,看动物的身体,牛角,牛角：jiǎo；角色：jué
种,3,C050,种下一粒种子,种子,种子：zhǒng；种下：zhòng
芽,3,C050,种下一粒种子,发芽,
根,3,C050,种下一粒种子,树根,
枝,3,C050,种下一粒种子,树枝,
苗,3,C050,种下一粒种子,小苗,
桃,3,C051,花园里的颜色,桃花,
梅,3,C051,花园里的颜色,梅花,
杏,3,C051,花园里的颜色,杏花,
兰,3,C051,花园里的颜色,兰花,
荷,3,C051,花园里的颜色,荷花,
竹,3,C052,秋天的叶子,竹子,
林,3,C052,秋天的叶子,树林,
森,3,C052,秋天的叶子,森林,
枫,3,C052,秋天的叶子,枫叶,
杨,3,C052,秋天的叶子,杨树,
江,3,C053,找一找水在哪里,江水,
河,3,C053,找一找水在哪里,小河,
湖,3,C053,找一找水在哪里,湖水,
池,3,C053,找一找水在哪里,池塘,
泉,3,C053,找一找水在哪里,泉水,
星,3,C054,看看天空,星星,
空,3,C054,看看天空,天空,
光,3,C054,看看天空,阳光,
亮,3,C054,看看天空,明亮,
黑,3,C054,看看天空,黑夜,
雪,3,C055,下雪的日子,下雪,
冰,3,C055,下雪的日子,冰块,
冷,3,C055,下雪的日子,冷风,
冻,3,C055,下雪的日子,冻冰,
滑,3,C055,下雪的日子,滑冰,
热,3,C056,暖暖的天气,热天,
暖,3,C056,暖暖的天气,暖和,
晴,3,C056,暖暖的天气,晴天,
阴,3,C056,暖暖的天气,阴天,
雷,3,C056,暖暖的天气,打雷,
春,3,C057,四季慢慢变,春天,
夏,3,C057,四季慢慢变,夏天,
秋,3,C057,四季慢慢变,秋天,
冬,3,C057,四季慢慢变,冬天,
季,3,C057,四季慢慢变,四季,
雾,3,C058,观察天气变化,大雾,
露,3,C058,观察天气变化,露水,
霜,3,C058,观察天气变化,白霜,
虹,3,C058,观察天气变化,彩虹,
霞,3,C058,观察天气变化,晚霞,
沙,3,C059,山洞里有回声,沙子,
泥,3,C059,山洞里有回声,泥巴,
岩,3,C059,山洞里有回声,岩石,
洞,3,C059,山洞里有回声,山洞,
坡,3,C059,山洞里有回声,山坡,
生,3,C060,爱护小生命,生命,
长,3,C060,爱护小生命,长大,长大：zhǎng；长短：cháng 另随词示范
开,3,C060,爱护小生命,开花,
落,3,C060,爱护小生命,落叶,
护,3,C060,爱护小生命,保护,
路,4,C061,跟着路标走,马路,
街,4,C061,跟着路标走,大街,
道,4,C061,跟着路标走,道路,
桥,4,C061,跟着路标走,小桥,
边,4,C061,跟着路标走,路边,
车,4,C062,过马路,汽车,
交,4,C062,过马路,交通,
通,4,C062,过马路,通行,
行,4,C062,过马路,行走,行走：xíng；银行：háng
停,4,C062,过马路,停车,
斑,4,C063,过人行横道,斑马线,
线,4,C063,过人行横道,直线,
过,4,C063,过人行横道,过马路,
步,4,C063,过人行横道,脚步,
横,4,C063,过人行横道,横道,
船,4,C064,认识交通工具,小船,
飞,4,C064,认识交通工具,飞机,
机,4,C064,认识交通工具,机器,
汽,4,C064,认识交通工具,汽车,
轮,4,C064,认识交通工具,车轮,
火,4,C065,火车站里,火车,
铁,4,C065,火车站里,铁路,
票,4,C065,火车站里,车票,
乘,4,C065,火车站里,乘车,
站,4,C065,火车站里,车站,
骑,4,C066,骑车戴头盔,骑车,
自,4,C066,骑车戴头盔,自己,
盔,4,C066,骑车戴头盔,头盔,
铃,4,C066,骑车戴头盔,车铃,
刹,4,C066,骑车戴头盔,刹车,
出,4,C067,出发和到达,出去,
入,4,C067,出发和到达,入口,
进,4,C067,出发和到达,进来,
到,4,C067,出发和到达,到家,
回,4,C067,出发和到达,回来,
东,4,C068,地图上的方向,东边,
西,4,C068,地图上的方向,西边,
南,4,C068,地图上的方向,南方,
北,4,C068,地图上的方向,北方,
远,4,C068,地图上的方向,远方,
近,4,C069,近处和转弯处,近处,
旁,4,C069,近处和转弯处,旁边,
直,4,C069,近处和转弯处,直走,
转,4,C069,近处和转弯处,转身,转身：zhuǎn；车轮转动：zhuàn
弯,4,C069,近处和转弯处,弯路,
店,4,C070,和家人去买菜,商店,
市,4,C070,和家人去买菜,城市,
场,4,C070,和家人去买菜,市场,
买,4,C070,和家人去买菜,买菜,
卖,4,C070,和家人去买菜,卖菜,
超,4,C071,超市里选东西,超市,
货,4,C071,超市里选东西,货物,
钱,4,C071,超市里选东西,零钱,
元,4,C071,超市里选东西,一元,
付,4,C071,超市里选东西,付款,
商,4,C072,认识街边商铺,商店,
铺,4,C072,认识街边商铺,店铺,店铺：pù
餐,4,C072,认识街边商铺,餐厅,
馆,4,C072,认识街边商铺,饭馆,
客,4,C072,认识街边商铺,客人,
区,4,C073,小区里的邻居,小区,
楼,4,C073,小区里的邻居,楼房,
层,4,C073,小区里的邻居,楼层,
邻,4,C073,小区里的邻居,邻居,
居,4,C073,小区里的邻居,居住,
医,4,C074,去医院看病,医生,
院,4,C074,去医院看病,医院,
药,4,C074,去医院看病,吃药,
针,4,C074,去医院看病,打针,
救,4,C074,去医院看病,救助,
警,4,C075,认识帮助我们的人,警察,
察,4,C075,认识帮助我们的人,观察,
消,4,C075,认识帮助我们的人,消防,
防,4,C075,认识帮助我们的人,防火,
员,4,C075,认识帮助我们的人,队员,
邮,4,C076,认识公共服务,邮局,
局,4,C076,认识公共服务,邮局,
银,4,C076,认识公共服务,银行,
信,4,C076,认识公共服务,信件,
寄,4,C076,认识公共服务,寄信,
旅,4,C077,旅行的行李,旅行,
游,4,C077,旅行的行李,游玩,
箱,4,C077,旅行的行李,箱子,
袋,4,C077,旅行的行李,口袋,
伞,4,C077,旅行的行李,雨伞,
城,4,C078,守护我们的城市,城市,
镇,4,C078,守护我们的城市,小镇,
乡,4,C078,守护我们的城市,家乡,
村,4,C078,守护我们的城市,村子,
国,4,C078,守护我们的城市,中国,
标,4,C079,看懂安全标志,标志,
志,4,C079,看懂安全标志,志愿者,
禁,4,C079,看懂安全标志,禁止,
止,4,C079,看懂安全标志,停止,
示,4,C079,看懂安全标志,提示,
全,4,C080,安全到家,安全,
保,4,C080,安全到家,保护,
守,4,C080,安全到家,遵守,
规,4,C080,安全到家,规则,
则,4,C080,安全到家,法则,
爷,5,C081,认识我的亲人,爷爷,
奶,5,C081,认识我的亲人,奶奶,
哥,5,C081,认识我的亲人,哥哥,
姐,5,C081,认识我的亲人,姐姐,
弟,5,C081,认识我的亲人,弟弟,
妹,5,C082,一家人团聚,妹妹,
叔,5,C082,一家人团聚,叔叔,
姨,5,C082,一家人团聚,阿姨,
伯,5,C082,一家人团聚,伯伯,
亲,5,C082,一家人团聚,亲人,
子,5,C083,一起长大的家人,孩子,
孩,5,C083,一起长大的家人,孩子,
儿,5,C083,一起长大的家人,儿童,
名,5,C083,一起长大的家人,名字,
字,5,C083,一起长大的家人,汉字,
房,5,C084,我家的房间,房间,
厅,5,C084,我家的房间,客厅,
厨,5,C084,我家的房间,厨房,
卧,5,C084,我家的房间,卧室,
墙,5,C084,我家的房间,墙壁,
电,5,C085,家里的电器,电灯,
视,5,C085,家里的电器,电视,
音,5,C085,家里的电器,声音,
扇,5,C085,家里的电器,风扇,风扇：shàn
响,5,C085,家里的电器,音响,
锅,5,C086,谁在厨房忙,锅子,
刀,5,C086,谁在厨房忙,小刀,
叉,5,C086,谁在厨房忙,叉子,
瓶,5,C086,谁在厨房忙,瓶子,
罐,5,C086,谁在厨房忙,罐子,
煮,5,C087,做一顿好吃的,煮饭,
炒,5,C087,做一顿好吃的,炒菜,
蒸,5,C087,做一顿好吃的,蒸蛋,
烤,5,C087,做一顿好吃的,烤饼,
切,5,C087,做一顿好吃的,切菜,
甜,5,C088,食物的味道,香甜,
酸,5,C088,食物的味道,酸味,
苦,5,C088,食物的味道,苦瓜,
辣,5,C088,食物的味道,辣椒,
咸,5,C088,食物的味道,咸味,
苹,5,C089,水果篮子,苹果,
梨,5,C089,水果篮子,梨子,
瓜,5,C089,水果篮子,西瓜,
枣,5,C089,水果篮子,红枣,
莓,5,C089,水果篮子,草莓,
香,5,C090,再尝一种水果,香蕉,
蕉,5,C090,再尝一种水果,香蕉,
葡,5,C090,再尝一种水果,葡萄,
萄,5,C090,再尝一种水果,葡萄,
橙,5,C090,再尝一种水果,橙子,
萝,5,C091,果园和菜园,萝卜,
卜,5,C091,果园和菜园,萝卜,
豆,5,C091,果园和菜园,豆子,
蔬,5,C091,果园和菜园,蔬菜,
橘,5,C091,果园和菜园,橘子,
茄,5,C092,厨房里的蔬菜,茄子,
椒,5,C092,厨房里的蔬菜,辣椒,
葱,5,C092,厨房里的蔬菜,葱花,
蒜,5,C092,厨房里的蔬菜,大蒜,
薯,5,C092,厨房里的蔬菜,红薯,
蛋,5,C093,早餐真丰富,鸡蛋,
肉,5,C093,早餐真丰富,肉包,
乳,5,C093,早餐真丰富,牛乳,
茶,5,C093,早餐真丰富,茶水,
汤,5,C093,早餐真丰富,菜汤,
饼,5,C094,面点和零食,饼干,
糕,5,C094,面点和零食,蛋糕,
糖,5,C094,面点和零食,糖果,
饺,5,C094,面点和零食,饺子,
粉,5,C094,面点和零食,米粉,
农,5,C095,食物从哪里来,农民,
田,5,C095,食物从哪里来,田地,
谷,5,C095,食物从哪里来,谷子,
麦,5,C095,食物从哪里来,小麦,
粮,5,C095,食物从哪里来,粮食,
饱,5,C096,珍惜每一口,吃饱,
饿,5,C096,珍惜每一口,饥饿,
渴,5,C096,珍惜每一口,口渴,
剩,5,C096,珍惜每一口,剩饭,
浪,5,C096,珍惜每一口,浪费,
扫,5,C097,周末做家务,扫地,
擦,5,C097,周末做家务,擦桌,
拖,5,C097,周末做家务,拖地,
整,5,C097,周末做家务,整齐,
理,5,C097,周末做家务,整理,
柜,5,C098,衣服放哪里,柜子,
架,5,C098,衣服放哪里,书架,
挂,5,C098,衣服放哪里,挂衣,
叠,5,C098,衣服放哪里,叠衣,
晒,5,C098,衣服放哪里,晒衣,
软,5,C099,让屋子更舒服,柔软,
硬,5,C099,让屋子更舒服,坚硬,
厚,5,C099,让屋子更舒服,厚衣,
薄,5,C099,让屋子更舒服,薄被,薄被：báo
轻,5,C099,让屋子更舒服,轻轻,
修,5,C100,小小修理员,修理,
补,5,C100,小小修理员,补好,
破,5,C100,小小修理员,破了,
坏,5,C100,小小修理员,坏了,
旧,5,C100,小小修理员,旧物,
年,6,C101,时间的名字,今年,
今,6,C101,时间的名字,今天,
明,6,C101,时间的名字,明天,
昨,6,C101,时间的名字,昨天,
时,6,C101,时间的名字,时间,
期,6,C102,看看日历,星期,
周,6,C102,看看日历,周末,
岁,6,C102,看看日历,五岁,
号,6,C102,看看日历,号码,
历,6,C102,看看日历,日历,
钟,6,C103,钟表滴答响,时钟,
表,6,C103,钟表滴答响,手表,
点,6,C103,钟表滴答响,几点,
分,6,C103,钟表滴答响,分钟,
秒,6,C103,钟表滴答响,秒针,
晨,6,C104,一天的安排,早晨,
夜,6,C104,一天的安排,夜晚,
半,6,C104,一天的安排,一半,
刻,6,C104,一天的安排,一刻,
久,6,C104,一天的安排,很久,
百,6,C105,数更多的东西,一百,
千,6,C105,数更多的东西,一千,
万,6,C105,数更多的东西,一万,
零,6,C105,数更多的东西,零个,
两,6,C105,数更多的东西,两个,
数,6,C106,数一数分一分,数数,数一数：shǔ；数量：shù
加,6,C106,数一数分一分,加上,
减,6,C106,数一数分一分,减少,
多,6,C106,数一数分一分,多少,
少,6,C106,数一数分一分,少了,多少／少了：shǎo
几,6,C107,买东西会比较,几个,
每,6,C107,买东西会比较,每天,
各,6,C107,买东西会比较,各自,
共,6,C107,买东西会比较,一共,
双,6,C107,买东西会比较,一双,
只,6,C108,一份还是一堆,一只,一只：zhī；只有：zhǐ 另随词示范
张,6,C108,一份还是一堆,一张,
条,6,C108,一份还是一堆,一条,
片,6,C108,一份还是一堆,一片,
块,6,C108,一份还是一堆,一块,
高,6,C109,大小和高矮,高树,
矮,6,C109,大小和高矮,矮树,
胖,6,C109,大小和高矮,胖熊,
瘦,6,C109,大小和高矮,瘦猴,
宽,6,C109,大小和高矮,宽路,
短,6,C110,长短和深浅,短绳,
深,6,C110,长短和深浅,深水,
浅,6,C110,长短和深浅,浅水,
重,6,C110,长短和深浅,重量,重量：zhòng；重复：chóng
低,6,C110,长短和深浅,低头,
圆,6,C111,认识形状,圆形,
方,6,C111,认识形状,方形,
正,6,C111,认识形状,正方形,
尖,6,C111,认识形状,尖角,
平,6,C111,认识形状,平面,
形,6,C112,拼图和积木,形状,
状,6,C112,拼图和积木,形状,
拼,6,C112,拼图和积木,拼图,
图,6,C112,拼图和积木,图画,
积,6,C112,拼图和积木,积木,
相,6,C113,找出不一样,相同,
异,6,C113,找出不一样,差异,
别,6,C113,找出不一样,别的,
样,6,C113,找出不一样,一样,
像,6,C113,找出不一样,好像,
第,6,C114,按顺序摆一摆,第一,
序,6,C114,按顺序摆一摆,次序,
首,6,C114,按顺序摆一摆,首先,
末,6,C114,按顺序摆一摆,末尾,
顺,6,C114,按顺序摆一摆,顺序,
比,6,C115,量一量比一比,比较,
量,6,C115,量一量比一比,测量,测量：liáng；重量：liàng
尺,6,C115,量一量比一比,尺子,
寸,6,C115,量一量比一比,尺寸,
称,6,C115,量一量比一比,称重,称重：chēng
满,6,C116,盒子里外找位置,装满,
内,6,C116,盒子里外找位置,盒内,
外,6,C116,盒子里外找位置,外面,
里,6,C116,盒子里外找位置,里面,
够,6,C116,盒子里外找位置,足够,
试,6,C117,做个小实验,试一试,
验,6,C117,做个小实验,实验,
观,6,C117,做个小实验,观察,
测,6,C117,做个小实验,测量,
变,6,C117,做个小实验,变化,
磁,6,C118,发现磁铁的秘密,磁铁,
吸,6,C118,发现磁铁的秘密,吸住,
引,6,C118,发现磁铁的秘密,吸引,
推,6,C118,发现磁铁的秘密,推开,
拉,6,C118,发现磁铁的秘密,拉手,
温,6,C119,水会变成什么,温度,
度,6,C119,水会变成什么,刻度,
升,6,C119,水会变成什么,上升,
降,6,C119,水会变成什么,下降,
化,6,C119,水会变成什么,变化,
节,6,C120,珍惜水和电,节约,
省,6,C120,珍惜水和电,节省,
费,6,C120,珍惜水和电,浪费,
源,6,C120,珍惜水和电,水源,
用,6,C120,珍惜水和电,使用,
故,7,C121,很久以前的故事,故事,
古,7,C121,很久以前的故事,古时候,
事,7,C121,很久以前的故事,故事,
从,7,C121,很久以前的故事,从前,
仙,7,C121,很久以前的故事,仙女,
屋,7,C122,森林里的小屋,小屋,
座,7,C122,森林里的小屋,一座,
住,7,C122,森林里的小屋,住下,
围,7,C122,森林里的小屋,围墙,
顶,7,C122,森林里的小屋,屋顶,
快,7,C123,快乐的生日,快乐,
乐,7,C123,快乐的生日,快乐,快乐：lè；音乐：yuè
笑,7,C123,快乐的生日,微笑,
喜,7,C123,快乐的生日,喜欢,
欢,7,C123,快乐的生日,欢迎,
哭,7,C124,不开心的时候,哭泣,
泪,7,C124,不开心的时候,眼泪,
伤,7,C124,不开心的时候,伤心,
难,7,C124,不开心的时候,难过,难过：nán
疼,7,C124,不开心的时候,心疼,
怕,7,C125,勇敢地试一试,害怕,
勇,7,C125,勇敢地试一试,勇敢,
敢,7,C125,勇敢地试一试,敢做,
胆,7,C125,勇敢地试一试,大胆,
尝,7,C125,勇敢地试一试,尝试,
着,7,C126,着急时慢慢说,着急,着急：zháo；沿着：zhe
慌,7,C126,着急时慢慢说,慌张,
惊,7,C126,着急时慢慢说,吃惊,
紧,7,C126,着急时慢慢说,紧张,
焦,7,C126,着急时慢慢说,焦急,
迷,7,C127,小兔迷路了,迷路,
失,7,C127,小兔迷路了,丢失,
寻,7,C127,小兔迷路了,寻找,
追,7,C127,小兔迷路了,追赶,
逃,7,C127,小兔迷路了,逃走,
因,7,C128,把理由讲清楚,因为,
为,7,C128,把理由讲清楚,因为,
所,7,C128,把理由讲清楚,所以,
以,7,C128,把理由讲清楚,所以,
且,7,C128,把理由讲清楚,而且,
想,7,C129,想个好办法,想法,
思,7,C129,想个好办法,思考,
办,7,C129,想个好办法,办法,
法,7,C129,想个好办法,方法,
主,7,C129,想个好办法,主意,
合,7,C130,大家来帮忙,合作,
作,7,C130,大家来帮忙,工作,
团,7,C130,大家来帮忙,团结,
结,7,C130,大家来帮忙,结果,结果／团结：jié
协,7,C130,大家来帮忙,协作,
礼,7,C131,谢谢你的礼物,礼物,
物,7,C131,谢谢你的礼物,物品,
送,7,C131,谢谢你的礼物,送给,
接,7,C131,谢谢你的礼物,接住,
受,7,C131,谢谢你的礼物,接受,
诚,7,C132,说清真实的事情,诚实,
实,7,C132,说清真实的事情,实话,
真,7,C132,说清真实的事情,真的,
假,7,C132,说清真实的事情,真假,真假：jiǎ
善,7,C132,说清真实的事情,善意,
错,7,C133,不小心做错了,做错,
改,7,C133,不小心做错了,改正,
认,7,C133,不小心做错了,承认,
歉,7,C133,不小心做错了,道歉,
原,7,C133,不小心做错了,原谅,
困,7,C134,遇到困难不放弃,困难,
坚,7,C134,遇到困难不放弃,坚持,
持,7,C134,遇到困难不放弃,保持,
努,7,C134,遇到困难不放弃,努力,
强,7,C134,遇到困难不放弃,强壮,强壮：qiáng；勉强：qiǎng
能,7,C135,每个人都有本领,能够,
会,7,C135,每个人都有本领,学会,
才,7,C135,每个人都有本领,才能,
聪,7,C135,每个人都有本领,聪明,
领,7,C135,每个人都有本领,本领,
然,7,C136,故事突然有变化,然后,
忽,7,C136,故事突然有变化,忽然,
突,7,C136,故事突然有变化,突然,
发,7,C136,故事突然有变化,发生,
曾,7,C136,故事突然有变化,曾经,
声,7,C137,故事里的声音,声音,
喊,7,C137,故事里的声音,喊话,
鸣,7,C137,故事里的声音,鸟鸣,
唱,7,C137,故事里的声音,唱歌,
奏,7,C137,故事里的声音,演奏,
爬,7,C138,故事里的动作,爬树,
钻,7,C138,故事里的动作,钻洞,钻洞：zuān
躲,7,C138,故事里的动作,躲雨,
藏,7,C138,故事里的动作,藏好,藏好：cáng
滚,7,C138,故事里的动作,滚动,
美,7,C139,故事里的样子,美丽,
丑,7,C139,故事里的样子,丑小鸭,
新,7,C139,故事里的样子,新衣,
奇,7,C139,故事里的样子,好奇,
怪,7,C139,故事里的样子,奇怪,
见,7,C140,好好说再见,见面,
离,7,C140,好好说再见,离开,
拥,7,C140,好好说再见,拥抱,
迎,7,C140,好好说再见,欢迎,
舍,7,C140,好好说再见,舍不得,舍不得：shě
要,8,C141,说说我的愿望,想要,
愿,8,C141,说说我的愿望,愿意,
望,8,C141,说说我的愿望,愿望,
梦,8,C141,说说我的愿望,梦想,
盼,8,C141,说说我的愿望,盼望,
还,8,C142,把话说完整,还有,还有：hái；归还：huán
就,8,C142,把话说完整,就是,
都,8,C142,把话说完整,都是,都是：dōu；首都：dū
很,8,C142,把话说完整,很好,
最,8,C142,把话说完整,最好,
把,8,C143,把一件事讲清楚,把水倒好,
得,8,C143,把一件事讲清楚,做得好,做得好：de
地,8,C143,把一件事讲清楚,轻轻地,轻轻地：de；地上：dì
已,8,C143,把一件事讲清楚,已经,
并,8,C143,把一件事讲清楚,并且,
吗,8,C144,先问一句,好吗,
呢,8,C144,先问一句,谁呢,
吧,8,C144,先问一句,来吧,
呀,8,C144,先问一句,好呀,
啊,8,C144,先问一句,啊哈,
但,8,C145,转个弯把话说完,但是,
而,8,C145,转个弯把话说完,而且,
却,8,C145,转个弯把话说完,却没有,
虽,8,C145,转个弯把话说完,虽然,
又,8,C145,转个弯把话说完,又来,
或,8,C146,如果这样会怎样,或者,
如,8,C146,如果这样会怎样,如果,
若,8,C146,如果这样会怎样,假若,
即,8,C146,如果这样会怎样,立即,
使,8,C146,如果这样会怎样,即使,
选,8,C147,我来做选择,选择,
决,8,C147,我来做选择,决定,
定,8,C147,我来做选择,一定,
择,8,C147,我来做选择,选择,
意,8,C147,我来做选择,同意,
觉,8,C148,分清感觉和判断,觉得,觉得：jué；睡觉：jiào 作为词语陪读
感,8,C148,分清感觉和判断,感觉,
判,8,C148,分清感觉和判断,判断,
断,8,C148,分清感觉和判断,判断,
应,8,C148,分清感觉和判断,应该,应该：yīng；回应：yìng
耐,8,C149,专心听完再回应,耐心,
专,8,C149,专心听完再回应,专心,
注,8,C149,专心听完再回应,注意,
仔,8,C149,专心听完再回应,仔细,仔细：zǐ
细,8,C149,专心听完再回应,细心,
特,8,C150,每个人都有特点,特点,
征,8,C150,每个人都有特点,特征,
性,8,C150,每个人都有特点,性格,
格,8,C150,每个人都有特点,性格,
趣,8,C150,每个人都有特点,兴趣,
情,8,C151,认识我的情绪,心情,
绪,8,C151,认识我的情绪,情绪,
兴,8,C151,认识我的情绪,高兴,高兴／兴奋：xìng／xīng
奋,8,C151,认识我的情绪,兴奋,
静,8,C151,认识我的情绪,安静,
争,8,C152,和朋友有分歧,争论,
吵,8,C152,和朋友有分歧,争吵,
解,8,C152,和朋友有分歧,解决,
劝,8,C152,和朋友有分歧,劝说,
谅,8,C152,和朋友有分歧,原谅,
需,8,C153,说清楚需要什么,需要,
助,8,C153,说清楚需要什么,帮助,
求,8,C153,说清楚需要什么,请求,
联,8,C153,说清楚需要什么,联系,
络,8,C153,说清楚需要什么,联络,
肩,8,C154,我的身体有边界,肩膀,
体,8,C154,我的身体有边界,身体,
碰,8,C154,我的身体有边界,碰到,
摸,8,C154,我的身体有边界,摸摸,
抱,8,C154,我的身体有边界,拥抱,
秘,8,C155,保护个人信息,秘密,
密,8,C155,保护个人信息,密码,
私,8,C155,保护个人信息,私人,
隐,8,C155,保护个人信息,隐私,
锁,8,C155,保护个人信息,门锁,
拒,8,C156,不同意也能做朋友,拒绝,
绝,8,C156,不同意也能做朋友,绝不,
尊,8,C156,不同意也能做朋友,尊重,
容,8,C156,不同意也能做朋友,包容,
允,8,C156,不同意也能做朋友,允许,
约,8,C157,一起约定规则,约定,
遵,8,C157,一起约定规则,遵守,
律,8,C157,一起约定规则,纪律,
诺,8,C157,一起约定规则,承诺,
责,8,C157,一起约定规则,责任,
公,8,C158,公共地方轻声说话,公共,
众,8,C158,公共地方轻声说话,众人,
勿,8,C158,公共地方轻声说话,请勿,
喧,8,C158,公共地方轻声说话,喧哗,
哗,8,C158,公共地方轻声说话,喧哗,
始,8,C159,做事有始有终,开始,
终,8,C159,做事有始有终,始终,
完,8,C159,做事有始有终,完成,
成,8,C159,做事有始有终,成功,
功,8,C159,做事有始有终,成功,
慢,8,C160,给自己一点时间,慢慢,
反,8,C160,给自己一点时间,反复,
复,8,C160,给自己一点时间,重复,
练,8,C160,给自己一点时间,练习,
习,8,C160,给自己一点时间,学习,
页,9,C161,认识一本书,书页,
封,9,C161,认识一本书,封面,
订,9,C161,认识一本书,装订,
录,9,C161,认识一本书,目录,
册,9,C161,认识一本书,画册,
题,9,C162,书上的小标记,题目,
签,9,C162,书上的小标记,书签,
版,9,C162,书上的小标记,版本,
印,9,C162,书上的小标记,印刷,
者,9,C162,书上的小标记,作者,
文,9,C163,跟着文字读,文字,
句,9,C163,跟着文字读,句子,
段,9,C163,跟着文字读,段落,
章,9,C163,跟着文字读,章节,
篇,9,C163,跟着文字读,一篇,
逗,9,C164,读懂标点,逗号,
顿,9,C164,读懂标点,停顿,
冒,9,C164,读懂标点,冒号,
叹,9,C164,读懂标点,感叹,
括,9,C164,读懂标点,括号,
续,9,C165,接着讲故事,续写,
继,9,C165,接着讲故事,继续,
经,9,C165,接着讲故事,经过,
随,9,C165,接着讲故事,跟随,
往,9,C165,接着讲故事,往前,
色,9,C166,故事发生在哪里,角色,
景,9,C166,故事发生在哪里,场景,
处,9,C166,故事发生在哪里,到处,
背,9,C166,故事发生在哪里,背后,背后：bèi
境,9,C166,故事发生在哪里,环境,
做,9,C167,追着故事往前走,做事,
遇,9,C167,追着故事往前走,遇见,
赶,9,C167,追着故事往前走,赶来,
奔,9,C167,追着故事往前走,奔跑,奔跑：bēn
沿,9,C167,追着故事往前走,沿着,
索,9,C168,从图里找线索,线索,
踪,9,C168,从图里找线索,踪迹,
迹,9,C168,从图里找线索,足迹,
探,9,C168,从图里找线索,探索,
查,9,C168,从图里找线索,查看,
误,9,C169,把误会说清楚,误会,
骗,9,C169,把误会说清楚,骗人,
弄,9,C169,把误会说清楚,弄明白,
清,9,C169,把误会说清楚,清楚,
楚,9,C169,把误会说清楚,清楚,
猜,9,C170,猜猜后面会怎样,猜想,
可,9,C170,猜猜后面会怎样,可以,
将,9,C170,猜猜后面会怎样,将来,将来：jiāng
未,9,C170,猜猜后面会怎样,未来,
预,9,C170,猜猜后面会怎样,预想,
怎,9,C171,说说你怎么知道,怎么,
知,9,C171,说说你怎么知道,知道,
晓,9,C171,说说你怎么知道,知晓,
识,9,C171,说说你怎么知道,认识,
据,9,C171,说说你怎么知道,依据,
闻,9,C172,读通知听消息,新闻,
讯,9,C172,读通知听消息,通讯,
息,9,C172,读通知听消息,消息,
报,9,C172,读通知听消息,报告,
传,9,C172,读通知听消息,传话,传话：chuán；传统：chuán
活,9,C173,计划一次活动,活动,
动,9,C173,计划一次活动,动作,
计,9,C173,计划一次活动,计划,
划,9,C173,计划一次活动,计划,计划：huà
程,9,C173,计划一次活动,过程,
范,9,C174,看懂做事的说明,示范,
操,9,C174,看懂做事的说明,操作,
骤,9,C174,看懂做事的说明,步骤,
按,9,C174,看懂做事的说明,按照,
照,9,C174,看懂做事的说明,照着做,
单,9,C175,读懂一张清单,清单,
项,9,C175,读懂一张清单,项目,
类,9,C175,读懂一张清单,分类,
列,9,C175,读懂一张清单,列表,
份,9,C175,读懂一张清单,一份,
偏,9,C176,汉字可以拆一拆,偏旁,
部,9,C176,汉字可以拆一拆,部首,
构,9,C176,汉字可以拆一拆,结构,
组,9,C176,汉字可以拆一拆,组合,
符,9,C176,汉字可以拆一拆,符号,
词,9,C177,给词语找朋友,词语,
语,9,C177,给词语找朋友,语言,
配,9,C177,给词语找朋友,搭配,
连,9,C177,给词语找朋友,连接,
搭,9,C177,给词语找朋友,搭配,
替,9,C178,换一种说法,代替,
另,9,C178,换一种说法,另外,
更,9,C178,换一种说法,更好,更好：gèng
代,9,C178,换一种说法,代替,
较,9,C178,换一种说法,比较,
丽,9,C179,看见自然的美,美丽,
秀,9,C179,看见自然的美,秀美,
翠,9,C179,看见自然的美,翠绿,
鲜,9,C179,看见自然的美,鲜花,
艳,9,C179,看见自然的美,鲜艳,
述,9,C180,读完说说感受,讲述,
评,9,C180,读完说说感受,评价,
享,9,C180,读完说说感受,分享,
夸,9,C180,读完说说感受,夸奖,
赞,9,C180,读完说说感受,赞美,
级,10,C181,准备开学啦,年级,
准,10,C181,准备开学啦,准备,
备,10,C181,准备开学啦,备好,
须,10,C181,准备开学啦,必须,
检,10,C181,准备开学啦,检查,
具,10,C182,整理学习用品,文具,
橡,10,C182,整理学习用品,橡皮,
皮,10,C182,整理学习用品,橡皮,
铅,10,C182,整理学习用品,铅笔,
胶,10,C182,整理学习用品,胶水,
板,10,C183,教室里看一看,黑板,
墨,10,C183,教室里看一看,墨水,
台,10,C183,教室里看一看,讲台,
屏,10,C183,教室里看一看,屏幕,
壁,10,C183,教室里看一看,墙壁,
惜,10,C184,爱惜借来的书,珍惜,
珍,10,C184,爱惜借来的书,珍惜,
损,10,C184,爱惜借来的书,损坏,
毁,10,C184,爱惜借来的书,毁坏,
借,10,C184,爱惜借来的书,借书,
举,10,C185,有问题大胆说,举手,
提,10,C185,有问题大胆说,提问,
言,10,C185,有问题大胆说,发言,
顾,10,C185,有问题大胆说,回顾,
虑,10,C185,有问题大胆说,考虑,
值,10,C186,一起值日,值日,
劳,10,C186,一起值日,劳动,
汗,10,C186,一起值日,汗水,
勤,10,C186,一起值日,勤劳,
务,10,C186,一起值日,任务,
任,10,C187,我来负责一件事,任务,
负,10,C187,我来负责一件事,负责,
担,10,C187,我来负责一件事,承担,
管,10,C187,我来负责一件事,管理,
独,10,C187,我来负责一件事,独立,
健,10,C188,健康的生活,健康,
康,10,C188,健康的生活,安康,
锻,10,C188,健康的生活,锻炼,
炼,10,C188,健康的生活,锻炼,
呼,10,C188,健康的生活,呼吸,
运,10,C189,运动前后,运动,
休,10,C189,运动前后,休息,
伸,10,C189,运动前后,伸展,
腿,10,C189,运动前后,小腿,
臂,10,C189,运动前后,手臂,
记,10,C190,记录我的发现,记录,
现,10,C190,记录我的发现,发现,
忆,10,C190,记录我的发现,回忆,
证,10,C190,记录我的发现,证据,
确,10,C190,记录我的发现,确认,
介,10,C191,礼貌地介绍自己,介绍,
绍,10,C191,礼貌地介绍自己,介绍,
姓,10,C191,礼貌地介绍自己,姓名,
龄,10,C191,礼貌地介绍自己,年龄,
李,10,C191,礼貌地介绍自己,姓李,
庆,10,C192,庆祝快乐的节日,庆祝,
祝,10,C192,庆祝快乐的节日,祝福,
福,10,C192,庆祝快乐的节日,幸福,
贺,10,C192,庆祝快乐的节日,祝贺,
幸,10,C192,庆祝快乐的节日,幸福,
旗,10,C193,看看中国地图,国旗,
京,10,C193,看看中国地图,北京,
华,10,C193,看看中国地图,中华,
祖,10,C193,看看中国地图,祖国,
民,10,C193,看看中国地图,人民,
统,10,C194,端午看龙舟,传统,
龙,10,C194,端午看龙舟,小龙,
舟,10,C194,端午看龙舟,龙舟,
端,10,C194,端午看龙舟,端午,
粽,10,C194,端午看龙舟,粽子,
工,10,C195,珍惜身边的劳动,工人,
匠,10,C195,珍惜身边的劳动,工匠,
产,10,C195,珍惜身边的劳动,产品,
建,10,C195,珍惜身边的劳动,建设,
造,10,C195,珍惜身边的劳动,制造,
科,10,C196,生活里的科技,科学,
技,10,C196,生活里的科技,技术,
术,10,C196,生活里的科技,美术,
网,10,C196,生活里的科技,网络,
键,10,C196,生活里的科技,键盘,
环,10,C197,保护共同的家园,环境,
垃,10,C197,保护共同的家园,垃圾,
圾,10,C197,保护共同的家园,垃圾,
污,10,C197,保护共同的家园,污染,
染,10,C197,保护共同的家园,污染,
族,10,C198,看看更大的世界,民族,
世,10,C198,看看更大的世界,世界,
界,10,C198,看看更大的世界,世界,
洋,10,C198,看看更大的世界,海洋,
洲,10,C198,看看更大的世界,亚洲,
立,10,C199,尝试独立阅读,站立,
阅,10,C199,尝试独立阅读,阅读,
懂,10,C199,尝试独立阅读,读懂,
汉,10,C199,尝试独立阅读,汉字,
典,10,C199,尝试独立阅读,字典,
展,10,C200,我的成长小书,展示,
获,10,C200,我的成长小书,收获,
奖,10,C200,我的成长小书,奖章,
留,10,C200,我的成长小书,保留,
念,10,C200,我的成长小书,纪念,
